"crime","date","neighborhood"
"AUTO THEFT","10/25/2009","Joyland"
"AUTO THEFT","03/30/2014","Wildwood (NPU-C)"
"LARCENY-FROM VEHICLE","01/18/2017","Inman Park"
"BURGLARY-RESIDENCE","12/17/2015","Riverside"
"LARCENY-FROM VEHICLE","10/15/2015","Castleberry Hill"
"LARCENY-NON VEHICLE","03/06/2015","Berkeley Park"
"BURGLARY-RESIDENCE","04/30/2014",""
"BURGLARY-RESIDENCE","07/30/2015","Ben Hill Terrace"
"AUTO THEFT","01/22/2017","Lindridge/Martin Manor"
"BURGLARY-RESIDENCE","05/18/2011","Mechanicsville"
"AUTO THEFT","06/09/2014","Harland Terrace"
"AUTO THEFT","01/17/2013","Campbellton Road"
"AUTO THEFT","06/21/2010","Dixie Hills"
"AUTO THEFT","05/07/2009","Peoplestown"
"LARCENY-FROM VEHICLE","12/09/2016","Underwood Hills"
"LARCENY-NON VEHICLE","07/04/2016","Adamsville"
"LARCENY-NON VEHICLE","08/21/2010","Grove Park"
"LARCENY-FROM VEHICLE","03/26/2013","Atlanta University Center"
"LARCENY-FROM VEHICLE","08/22/2016","Blandtown"
"AUTO THEFT","09/13/2011","Downtown"
"LARCENY-NON VEHICLE","09/13/2015","Grant Park"
"LARCENY-FROM VEHICLE","01/17/2011","Pittsburgh"
"LARCENY-FROM VEHICLE","09/12/2016","Berkeley Park"
"BURGLARY-NONRES","01/31/2012","Berkeley Park"
"LARCENY-FROM VEHICLE","08/28/2012","Chastain Park"
"LARCENY-NON VEHICLE","09/15/2010","Capitol View Manor"
"AGG ASSAULT","11/14/2013","South Atlanta"
"AGG ASSAULT","06/20/2016","Southwest"
"LARCENY-NON VEHICLE","02/25/2011","Ben Hill Acres"
"LARCENY-FROM VEHICLE","04/20/2014","East Atlanta"
"BURGLARY-RESIDENCE","06/04/2009","Lindbergh/Morosgo"
"BURGLARY-RESIDENCE","05/01/2012","Greenbriar"
"AUTO THEFT","01/02/2012","Thomasville Heights"
"BURGLARY-NONRES","12/27/2016","Riverside"
"LARCENY-FROM VEHICLE","11/24/2013","The Villages at Castleberry H"
"AUTO THEFT","08/23/2011","Summerhill"
"BURGLARY-NONRES","08/13/2014","Hammond Park"
"AUTO THEFT","09/27/2012","Capitol View Manor"
"ROBBERY-PEDESTRIAN","06/03/2014","The Villages at Castleberry H"
"LARCENY-FROM VEHICLE","04/08/2012","Midtown"
"BURGLARY-RESIDENCE","04/15/2013","Kirkwood"
"LARCENY-FROM VEHICLE","07/22/2012","Fairburn Heights"
"LARCENY-FROM VEHICLE","11/01/2014","High Point"
"AUTO THEFT","06/27/2010","Sylvan Hills"
"AUTO THEFT","11/09/2009","Betmar LaVilla"
"LARCENY-FROM VEHICLE","01/31/2014","Midtown"
"ROBBERY-PEDESTRIAN","06/21/2014","West End"
"LARCENY-FROM VEHICLE","08/27/2016","Downtown"
"ROBBERY-PEDESTRIAN","12/24/2012","Grant Park"
"LARCENY-FROM VEHICLE","11/19/2010","Old Fourth Ward"
"AUTO THEFT","02/02/2010","Adamsville"
"LARCENY-FROM VEHICLE","11/18/2009","The Villages at East Lake"
"AUTO THEFT","08/07/2014","Dixie Hills"
"BURGLARY-RESIDENCE","09/09/2011","Pittsburgh"
"LARCENY-FROM VEHICLE","06/06/2015","Home Park"
"LARCENY-FROM VEHICLE","06/06/2010","Loring Heights"
"BURGLARY-RESIDENCE","04/10/2009","West End"
"LARCENY-FROM VEHICLE","08/21/2016","Capitol Gateway"
"BURGLARY-RESIDENCE","05/02/2013","Southwest"
"LARCENY-NON VEHICLE","07/15/2011","Morningside/Lenox Park"
"BURGLARY-RESIDENCE","02/02/2011","Grove Park"
"LARCENY-NON VEHICLE","09/29/2010","Fairway Acres"
"AUTO THEFT","01/23/2009","Harris Chiles"
"ROBBERY-PEDESTRIAN","11/08/2015","Midtown"
"LARCENY-NON VEHICLE","12/09/2009","Peachtree Battle Alliance"
"BURGLARY-RESIDENCE","02/20/2013","Greenbriar"
"LARCENY-NON VEHICLE","07/17/2013","Paces"
"LARCENY-NON VEHICLE","09/27/2014","Downtown"
"LARCENY-FROM VEHICLE","11/14/2010","North Buckhead"
"LARCENY-NON VEHICLE","06/26/2015","Midtown"
"LARCENY-FROM VEHICLE","04/11/2009",""
"LARCENY-NON VEHICLE","05/11/2009","Old Fourth Ward"
"BURGLARY-NONRES","11/29/2011","Dixie Hills"
"AUTO THEFT","07/09/2011","North Buckhead"
"ROBBERY-PEDESTRIAN","08/18/2014","Virginia Highland"
"BURGLARY-RESIDENCE","10/28/2010","Hunter Hills"
"ROBBERY-PEDESTRIAN","12/30/2011","South River Gardens"
"BURGLARY-RESIDENCE","08/11/2011","Westview"
"LARCENY-FROM VEHICLE","02/05/2013","Druid Hills"
"LARCENY-NON VEHICLE","10/06/2016","Old Fourth Ward"
"LARCENY-FROM VEHICLE","06/08/2015","North Buckhead"
"LARCENY-FROM VEHICLE","01/14/2014","West Highlands"
"LARCENY-FROM VEHICLE","03/18/2012","Midtown"
"LARCENY-FROM VEHICLE","04/12/2014","Downtown"
"LARCENY-FROM VEHICLE","10/22/2015","Old Fourth Ward"
"AUTO THEFT","01/02/2016","Downtown"
"AGG ASSAULT","04/27/2011","Westhaven"
"BURGLARY-NONRES","09/19/2014","English Avenue"
"LARCENY-NON VEHICLE","08/08/2013","West End"
"BURGLARY-RESIDENCE","05/03/2016",""
"BURGLARY-NONRES","03/30/2015","Marietta Street Artery"
"LARCENY-FROM VEHICLE","09/29/2014","Grant Park"
"BURGLARY-RESIDENCE","01/15/2015",""
"BURGLARY-NONRES","06/08/2010","Campbellton Road"
"AGG ASSAULT","01/28/2010","Sylvan Hills"
"LARCENY-NON VEHICLE","03/27/2012","West End"
"LARCENY-FROM VEHICLE","06/29/2015","Underwood Hills"
"AUTO THEFT","09/26/2011","Kirkwood"
"LARCENY-FROM VEHICLE","06/14/2013","Candler Park"
"LARCENY-FROM VEHICLE","08/05/2011","Reynoldstown"
"LARCENY-FROM VEHICLE","11/17/2016","Virginia Highland"
"BURGLARY-NONRES","08/09/2011","Pittsburgh"
"AUTO THEFT","10/24/2015","Summerhill"
"LARCENY-FROM VEHICLE","03/16/2015","Virginia Highland"
"AUTO THEFT","06/19/2011","Knight Park/Howell Station"
"AUTO THEFT","05/07/2012","The Villages at East Lake"
"ROBBERY-COMMERCIAL","08/14/2014","Old Fourth Ward"
"AGG ASSAULT","03/19/2010","Oakland City"
"LARCENY-FROM VEHICLE","08/13/2013","Home Park"
"LARCENY-FROM VEHICLE","01/28/2015","Midtown"
"AGG ASSAULT","01/08/2009",""
"BURGLARY-RESIDENCE","02/17/2010","Lakewood"
"LARCENY-FROM VEHICLE","11/10/2009","Virginia Highland"
"LARCENY-FROM VEHICLE","04/09/2011","Downtown"
"AUTO THEFT","07/27/2009","South River Gardens"
"LARCENY-FROM VEHICLE","06/27/2016","Center Hill"
"AUTO THEFT","04/15/2011","Capitol View"
"LARCENY-FROM VEHICLE","05/29/2010","Virginia Highland"
"BURGLARY-RESIDENCE","03/27/2013",""
"LARCENY-FROM VEHICLE","06/05/2016","Home Park"
"AUTO THEFT","09/30/2014","Perkerson"
"ROBBERY-PEDESTRIAN","04/30/2014","Browns Mill Park"
"LARCENY-FROM VEHICLE","01/14/2017","Downtown"
"LARCENY-NON VEHICLE","01/01/2011","Buckhead Forest"
"BURGLARY-RESIDENCE","10/26/2009","Summerhill"
"LARCENY-FROM VEHICLE","11/12/2010","Downtown"
"HOMICIDE","01/24/2017","Greenbriar"
"LARCENY-FROM VEHICLE","08/26/2009","Chattahoochee"
"AGG ASSAULT","11/11/2014","Old Fourth Ward"
"BURGLARY-RESIDENCE","02/18/2017","Green Acres Valley"
"AUTO THEFT","04/26/2010","Scotts Crossing"
"LARCENY-NON VEHICLE","08/24/2011",""
"LARCENY-FROM VEHICLE","10/07/2009","Poncey-Highland"
"BURGLARY-NONRES","07/26/2009","Piedmont Heights"
"LARCENY-NON VEHICLE","01/21/2015","Chastain Park"
"AGG ASSAULT","08/10/2011","Summerhill"
"BURGLARY-NONRES","07/21/2010","Edgewood"
"LARCENY-NON VEHICLE","11/18/2011","North Buckhead"
"LARCENY-FROM VEHICLE","06/28/2015","Oakland City"
"LARCENY-NON VEHICLE","12/11/2013","Castleberry Hill"
"AUTO THEFT","07/18/2016","Grant Park"
"AUTO THEFT","10/08/2010","Heritage Valley"
"LARCENY-NON VEHICLE","05/18/2010","Grant Park"
"LARCENY-FROM VEHICLE","07/19/2015","Ashview Heights"
"BURGLARY-RESIDENCE","04/17/2013","Southwest"
"BURGLARY-RESIDENCE","09/20/2013","Benteen Park"
"LARCENY-NON VEHICLE","09/25/2013","Capitol View Manor"
"AGG ASSAULT","04/17/2016","Ashview Heights"
"AUTO THEFT","12/30/2013","Reynoldstown"
"AGG ASSAULT","04/09/2015","Grove Park"
"LARCENY-NON VEHICLE","10/22/2016","West End"
"AGG ASSAULT","12/07/2011","Greenbriar"
"LARCENY-NON VEHICLE","12/01/2010","Lindbergh/Morosgo"
"LARCENY-FROM VEHICLE","11/09/2009","Downtown"
"LARCENY-FROM VEHICLE","06/09/2010","Inman Park"
"LARCENY-NON VEHICLE","06/23/2013","Knight Park/Howell Station"
"BURGLARY-RESIDENCE","06/17/2009","Harland Terrace"
"BURGLARY-RESIDENCE","03/20/2013","Old Fourth Ward"
"LARCENY-FROM VEHICLE","09/07/2012","Downtown"
"BURGLARY-RESIDENCE","05/31/2013","English Avenue"
"AUTO THEFT","05/31/2009","Reynoldstown"
"LARCENY-NON VEHICLE","08/08/2009","Perkerson"
"BURGLARY-RESIDENCE","05/11/2009","Wildwood (NPU-H)"
"BURGLARY-RESIDENCE","07/01/2010","Washington Park"
"LARCENY-NON VEHICLE","06/17/2010","Piedmont Heights"
"ROBBERY-PEDESTRIAN","01/04/2009","Summerhill"
"LARCENY-FROM VEHICLE","08/28/2014","Downtown"
"LARCENY-FROM VEHICLE","03/22/2014","Sylvan Hills"
"BURGLARY-RESIDENCE","11/16/2011",""
"AGG ASSAULT","03/11/2013","Grove Park"
"ROBBERY-PEDESTRIAN","06/22/2010",""
"LARCENY-FROM VEHICLE","06/24/2009","Brandon"
"LARCENY-FROM VEHICLE","05/10/2011","Marietta Street Artery"
"LARCENY-FROM VEHICLE","02/27/2015","Inman Park"
"LARCENY-FROM VEHICLE","05/23/2010","Vine City"
"LARCENY-FROM VEHICLE","06/18/2013","Garden Hills"
"AUTO THEFT","04/10/2010","Midtown"
"LARCENY-NON VEHICLE","05/24/2009","Westview"
"LARCENY-NON VEHICLE","06/17/2015","English Avenue"
"LARCENY-FROM VEHICLE","10/27/2009","Vine City"
"LARCENY-FROM VEHICLE","01/29/2012","Sweet Auburn"
"BURGLARY-RESIDENCE","11/21/2009","Custer/McDonough/Guice"
"LARCENY-FROM VEHICLE","02/23/2010","Florida Heights"
"ROBBERY-PEDESTRIAN","10/12/2014","Campbellton Road"
"BURGLARY-RESIDENCE","09/02/2014","West Lake"
"ROBBERY-PEDESTRIAN","07/25/2011","Summerhill"
"LARCENY-NON VEHICLE","02/12/2012","Kings Forest"
"LARCENY-NON VEHICLE","03/28/2009","Garden Hills"
"BURGLARY-RESIDENCE","12/15/2013","Peachtree Heights West"
"LARCENY-FROM VEHICLE","07/08/2009","Midtown"
"AUTO THEFT","05/03/2010","Fairburn Mays"
"LARCENY-FROM VEHICLE","05/20/2010","Mechanicsville"
"LARCENY-FROM VEHICLE","01/26/2011","Reynoldstown"
"LARCENY-FROM VEHICLE","07/25/2009","Virginia Highland"
"AGG ASSAULT","10/18/2009","Hammond Park"
"LARCENY-NON VEHICLE","11/08/2012","Hammond Park"
"AUTO THEFT","07/29/2010","Midtown"
"ROBBERY-PEDESTRIAN","07/05/2013","Center Hill"
"LARCENY-FROM VEHICLE","04/18/2009","Downtown"
"ROBBERY-PEDESTRIAN","06/09/2016","Lenox"
"LARCENY-FROM VEHICLE","09/30/2012","Midtown"
"BURGLARY-RESIDENCE","03/04/2014","Venetian Hills"
"LARCENY-FROM VEHICLE","10/19/2014","Buckhead Forest"
"LARCENY-FROM VEHICLE","09/19/2009","Pine Hills"
"BURGLARY-RESIDENCE","06/07/2013","Wilson Mill Meadows"
"LARCENY-NON VEHICLE","08/20/2012","Fort Valley"
"BURGLARY-RESIDENCE","06/14/2014","Browns Mill Park"
"LARCENY-NON VEHICLE","05/23/2016","Lindbergh/Morosgo"
"ROBBERY-PEDESTRIAN","09/23/2016","West End"
"LARCENY-NON VEHICLE","10/24/2009","Westhaven"
"AUTO THEFT","08/09/2010","Perkerson"
"LARCENY-NON VEHICLE","09/06/2013","Greenbriar"
"LARCENY-FROM VEHICLE","04/28/2009","Midtown"
"ROBBERY-PEDESTRIAN","05/07/2014","Peoplestown"
"AUTO THEFT","06/13/2011","Marietta Street Artery"
"LARCENY-NON VEHICLE","12/03/2010","Buckhead Village"
"AGG ASSAULT","10/27/2012","East Atlanta"
"LARCENY-NON VEHICLE","01/30/2009","West End"
"ROBBERY-PEDESTRIAN","06/13/2009","Bolton"
"LARCENY-NON VEHICLE","01/28/2012","Joyland"
"BURGLARY-RESIDENCE","01/01/2011",""
"LARCENY-NON VEHICLE","01/22/2010","Old Fourth Ward"
"LARCENY-FROM VEHICLE","08/08/2011","Buckhead Heights"
"LARCENY-NON VEHICLE","11/20/2012","Greenbriar"
"LARCENY-NON VEHICLE","04/06/2016","Midtown"
"BURGLARY-RESIDENCE","01/24/2017","Polar Rock"
"LARCENY-FROM VEHICLE","05/07/2015","Buckhead Forest"
"LARCENY-FROM VEHICLE","07/01/2013","Oakland"
"LARCENY-NON VEHICLE","11/25/2016","Harland Terrace"
"BURGLARY-RESIDENCE","11/15/2012","Westview"
"ROBBERY-RESIDENCE","03/31/2011","Glenrose Heights"
"LARCENY-NON VEHICLE","08/31/2016","Edgewood"
"AUTO THEFT","02/08/2016","Perkerson"
"AUTO THEFT","02/18/2015","Bush Mountain"
"LARCENY-FROM VEHICLE","12/21/2010","Lindbergh/Morosgo"
"AUTO THEFT","10/02/2016","Blandtown"
"LARCENY-FROM VEHICLE","05/27/2011","Mozley Park"
"AUTO THEFT","07/11/2010","Peachtree Hills"
"LARCENY-FROM VEHICLE","06/14/2015","Harris Chiles"
"LARCENY-FROM VEHICLE","11/22/2012","Virginia Highland"
"LARCENY-FROM VEHICLE","12/14/2011","Buckhead Village"
"LARCENY-NON VEHICLE","09/09/2013","Pittsburgh"
"AUTO THEFT","07/22/2011","Edgewood"
"ROBBERY-PEDESTRIAN","04/28/2014","Home Park"
"LARCENY-FROM VEHICLE","05/27/2009","English Avenue"
"LARCENY-FROM VEHICLE","11/01/2013","Sweet Auburn"
"AUTO THEFT","07/30/2009","Old Fourth Ward"
"AUTO THEFT","05/25/2011","Sylvan Hills"
"LARCENY-NON VEHICLE","05/12/2013","Midtown"
"LARCENY-FROM VEHICLE","09/18/2016","Atlanta University Center"
"AUTO THEFT","06/24/2013","Sylvan Hills"
"AUTO THEFT","03/15/2015","Westview"
"AGG ASSAULT","02/04/2012","Sylvan Hills"
"AUTO THEFT","10/12/2015","Collier Heights"
"LARCENY-FROM VEHICLE","11/27/2013","Midtown"
"LARCENY-FROM VEHICLE","09/07/2013","Grant Park"
"ROBBERY-RESIDENCE","07/27/2009",""
"LARCENY-NON VEHICLE","08/21/2010","West End"
"LARCENY-FROM VEHICLE","07/30/2012","Washington Park"
"LARCENY-FROM VEHICLE","07/25/2010","Midtown"
"LARCENY-FROM VEHICLE","01/04/2010","Downtown"
"LARCENY-NON VEHICLE","01/10/2013","Perkerson"
"BURGLARY-RESIDENCE","12/28/2010","Glenrose Heights"
"AGG ASSAULT","12/23/2011","Adamsville"
"LARCENY-NON VEHICLE","07/24/2013","Carver Hills"
"AGG ASSAULT","04/03/2011","South Tuxedo Park"
"LARCENY-FROM VEHICLE","01/29/2016","Pittsburgh"
"LARCENY-NON VEHICLE","01/06/2010","Downtown"
"ROBBERY-PEDESTRIAN","09/19/2009","Harland Terrace"
"BURGLARY-RESIDENCE","12/17/2009","Dixie Hills"
"LARCENY-NON VEHICLE","07/26/2012","Downtown"
"BURGLARY-RESIDENCE","12/14/2013","Hammond Park"
"LARCENY-NON VEHICLE","07/02/2016","Downtown"
"AGG ASSAULT","03/25/2015","English Avenue"
"LARCENY-FROM VEHICLE","02/02/2017","English Avenue"
"AGG ASSAULT","01/14/2015","Downtown"
"BURGLARY-RESIDENCE","07/29/2011","Blandtown"
"ROBBERY-PEDESTRIAN","08/19/2009",""
"LARCENY-NON VEHICLE","02/24/2011","Kirkwood"
"LARCENY-NON VEHICLE","08/16/2015","Lenox"
"BURGLARY-RESIDENCE","04/17/2010","Home Park"
"LARCENY-FROM VEHICLE","09/05/2016","Mechanicsville"
"LARCENY-NON VEHICLE","12/08/2016","Brookwood Hills"
"AGG ASSAULT","01/06/2011","Old Fourth Ward"
"LARCENY-FROM VEHICLE","08/19/2009",""
"BURGLARY-NONRES","07/13/2014","Kirkwood"
"BURGLARY-RESIDENCE","12/08/2010","Adair Park"
"BURGLARY-RESIDENCE","07/15/2010","Ashley Courts"
"BURGLARY-NONRES","05/11/2014","Harland Terrace"
"BURGLARY-RESIDENCE","04/17/2012","West End"
"AUTO THEFT","06/22/2013","Rockdale"
"LARCENY-FROM VEHICLE","12/23/2009","Inman Park"
"LARCENY-FROM VEHICLE","10/08/2014","Greenbriar"
"LARCENY-FROM VEHICLE","06/14/2013","Downtown"
"ROBBERY-PEDESTRIAN","03/08/2010","Midtown"
"LARCENY-NON VEHICLE","11/01/2009","Berkeley Park"
"ROBBERY-PEDESTRIAN","11/08/2014","Oakland"
"LARCENY-FROM VEHICLE","11/23/2009","Home Park"
"LARCENY-FROM VEHICLE","06/30/2015","Candler Park"
"LARCENY-FROM VEHICLE","05/22/2013","Mechanicsville"
"LARCENY-NON VEHICLE","11/05/2016","Buckhead Forest"
"LARCENY-FROM VEHICLE","11/10/2010","Ashview Heights"
"AGG ASSAULT","09/14/2016","Peoplestown"
"LARCENY-FROM VEHICLE","02/07/2016","Lindbergh/Morosgo"
"ROBBERY-PEDESTRIAN","10/22/2016","Peachtree Heights West"
"BURGLARY-NONRES","09/16/2015","Lindbergh/Morosgo"
"LARCENY-NON VEHICLE","05/16/2015","Berkeley Park"
"ROBBERY-PEDESTRIAN","09/19/2015","Norwood Manor"
"LARCENY-FROM VEHICLE","09/12/2014","Pittsburgh"
"LARCENY-FROM VEHICLE","09/12/2012","North Buckhead"
"AUTO THEFT","04/30/2010",""
"LARCENY-FROM VEHICLE","05/05/2015","Custer/McDonough/Guice"
"ROBBERY-PEDESTRIAN","03/26/2014","Reynoldstown"
"LARCENY-NON VEHICLE","02/16/2013","Midtown"
"AGG ASSAULT","08/21/2011","Lindridge/Martin Manor"
"BURGLARY-RESIDENCE","12/30/2014","Joyland"
"AUTO THEFT","10/19/2011","Cross Creek"
"BURGLARY-RESIDENCE","04/22/2011","Collier Heights"
"AGG ASSAULT","04/29/2014","Fairburn Mays"
"BURGLARY-RESIDENCE","11/01/2012","Downtown"
"LARCENY-FROM VEHICLE","01/27/2016","Center Hill"
"AUTO THEFT","04/25/2015","South River Gardens"
"LARCENY-FROM VEHICLE","05/24/2011","Chosewood Park"
"LARCENY-NON VEHICLE","10/22/2014","North Buckhead"
"LARCENY-FROM VEHICLE","07/28/2014","Midtown"
"LARCENY-FROM VEHICLE","08/26/2016","Reynoldstown"
"LARCENY-NON VEHICLE","01/21/2011","South River Gardens"
"LARCENY-NON VEHICLE","11/06/2015","Berkeley Park"
"LARCENY-NON VEHICLE","01/06/2016",""
"LARCENY-NON VEHICLE","06/18/2013","Penelope Neighbors"
"LARCENY-FROM VEHICLE","10/25/2016",""
"LARCENY-FROM VEHICLE","10/05/2015","Venetian Hills"
"LARCENY-NON VEHICLE","11/23/2010","Old Fourth Ward"
"AUTO THEFT","08/25/2012","Collier Heights"
"AGG ASSAULT","12/02/2012","Mechanicsville"
"LARCENY-NON VEHICLE","02/14/2014","North Buckhead"
"LARCENY-FROM VEHICLE","03/04/2009","Sylvan Hills"
"LARCENY-NON VEHICLE","12/14/2016","Virginia Highland"
"AGG ASSAULT","06/25/2012","Westview"
"LARCENY-FROM VEHICLE","02/06/2009","Venetian Hills"
"AUTO THEFT","07/29/2010","Glenrose Heights"
"LARCENY-FROM VEHICLE","05/09/2015","Southwest"
"LARCENY-FROM VEHICLE","09/11/2014","South Tuxedo Park"
"AUTO THEFT","03/26/2014","Oakland City"
"ROBBERY-PEDESTRIAN","07/10/2015","Hunter Hills"
"LARCENY-NON VEHICLE","12/01/2013","Midtown"
"LARCENY-FROM VEHICLE","07/13/2011","Castleberry Hill"
"ROBBERY-PEDESTRIAN","03/16/2009","Summerhill"
"LARCENY-NON VEHICLE","05/19/2012","Paces"
"AGG ASSAULT","09/20/2013","The Villages at Carver"
"LARCENY-NON VEHICLE","04/30/2010","Underwood Hills"
"LARCENY-FROM VEHICLE","03/31/2010","Midtown"
"AUTO THEFT","05/02/2009","Midtown"
"LARCENY-NON VEHICLE","11/18/2011","Greenbriar"
"LARCENY-FROM VEHICLE","10/30/2010","English Avenue"
"LARCENY-FROM VEHICLE","06/23/2011","Old Fourth Ward"
"BURGLARY-RESIDENCE","03/25/2015","Edgewood"
"AUTO THEFT","08/28/2009","East Atlanta"
"LARCENY-NON VEHICLE","01/30/2017","Downtown"
"LARCENY-FROM VEHICLE","08/29/2010","North Buckhead"
"LARCENY-FROM VEHICLE","01/05/2017","Inman Park"
"AUTO THEFT","07/22/2014","Lindbergh/Morosgo"
"LARCENY-FROM VEHICLE","09/18/2009","Midtown"
"LARCENY-FROM VEHICLE","07/13/2009","Paces"
"LARCENY-FROM VEHICLE","10/17/2014","West End"
"BURGLARY-RESIDENCE","05/11/2014","Scotts Crossing"
"BURGLARY-RESIDENCE","12/17/2014","Betmar LaVilla"
"LARCENY-NON VEHICLE","01/26/2010","Adams Park"
"LARCENY-NON VEHICLE","10/05/2011","Greenbriar"
"LARCENY-FROM VEHICLE","08/05/2012","Atlantic Station"
"BURGLARY-RESIDENCE","11/05/2014","Lakewood Heights"
"AGG ASSAULT","04/16/2009","Vine City"
"LARCENY-NON VEHICLE","02/02/2011","English Avenue"
"LARCENY-FROM VEHICLE","06/02/2011","Downtown"
"LARCENY-NON VEHICLE","12/04/2009","Downtown"
"LARCENY-NON VEHICLE","07/03/2016","Home Park"
"BURGLARY-NONRES","09/23/2009","Harland Terrace"
"LARCENY-FROM VEHICLE","03/19/2014","Home Park"
"LARCENY-NON VEHICLE","07/11/2014","Downtown"
"LARCENY-FROM VEHICLE","02/24/2010","Castleberry Hill"
"BURGLARY-RESIDENCE","09/20/2009","Inman Park"
"BURGLARY-RESIDENCE","04/14/2009","Pittsburgh"
"AGG ASSAULT","08/06/2016","Old Fourth Ward"
"LARCENY-NON VEHICLE","09/17/2011","Downtown"
"ROBBERY-PEDESTRIAN","10/07/2009","Venetian Hills"
"BURGLARY-NONRES","06/09/2011",""
"AUTO THEFT","07/19/2011","Grant Park"
"ROBBERY-COMMERCIAL","12/27/2016",""
"BURGLARY-RESIDENCE","09/28/2012","Polar Rock"
"LARCENY-FROM VEHICLE","10/25/2013","South Atlanta"
"LARCENY-FROM VEHICLE","10/05/2012","Morningside/Lenox Park"
"BURGLARY-RESIDENCE","01/18/2012","Carey Park"
"AUTO THEFT","01/05/2012","Center Hill"
"AUTO THEFT","11/15/2015","Mechanicsville"
"LARCENY-FROM VEHICLE","09/30/2011","Cascade Avenue/Road"
"LARCENY-FROM VEHICLE","12/02/2016","North Buckhead"
"LARCENY-NON VEHICLE","07/08/2011","Midtown"
"LARCENY-NON VEHICLE","10/04/2016","Leila Valley"
"ROBBERY-PEDESTRIAN","05/11/2009","Arlington Estates"
"BURGLARY-NONRES","06/10/2013","West End"
"AUTO THEFT","03/23/2010","Southwest"
"LARCENY-NON VEHICLE","10/23/2013","Lenox"
"LARCENY-NON VEHICLE","04/28/2014","Downtown"
"AUTO THEFT","03/30/2014","Downtown"
"LARCENY-FROM VEHICLE","10/11/2010",""
"LARCENY-FROM VEHICLE","01/11/2016","Custer/McDonough/Guice"
"BURGLARY-NONRES","01/09/2016","Greenbriar"
"BURGLARY-NONRES","01/14/2010","Loring Heights"
"BURGLARY-RESIDENCE","05/31/2011","Sylvan Hills"
"LARCENY-NON VEHICLE","06/01/2010","Grant Park"
"AGG ASSAULT","05/01/2016","Vine City"
"AUTO THEFT","12/20/2009","Mechanicsville"
"LARCENY-FROM VEHICLE","10/11/2010","Summerhill"
"LARCENY-FROM VEHICLE","08/01/2011","Venetian Hills"
"AGG ASSAULT","08/13/2016","Southwest"
"LARCENY-NON VEHICLE","06/04/2014","West Paces Ferry/Northside"
"LARCENY-NON VEHICLE","04/29/2011","Bankhead Courts"
"AGG ASSAULT","07/15/2010","Oakland City"
"ROBBERY-COMMERCIAL","10/21/2012","East Lake"
"LARCENY-NON VEHICLE","06/27/2013","Westview"
"BURGLARY-NONRES","03/29/2009","Pittsburgh"
"AGG ASSAULT","08/14/2009","Grove Park"
"BURGLARY-RESIDENCE","10/08/2012","Joyland"
"LARCENY-NON VEHICLE","07/01/2013","Greenbriar"
"BURGLARY-NONRES","02/22/2010","Mechanicsville"
"LARCENY-NON VEHICLE","06/20/2013","Perkerson"
"LARCENY-NON VEHICLE","08/20/2014","Florida Heights"
"LARCENY-NON VEHICLE","11/03/2015","Downtown"
"ROBBERY-PEDESTRIAN","01/18/2009","English Avenue"
"LARCENY-NON VEHICLE","01/02/2011","Chastain Park"
"ROBBERY-PEDESTRIAN","04/02/2011","Home Park"
"LARCENY-FROM VEHICLE","09/05/2012","Orchard Knob"
"AUTO THEFT","12/21/2016","Reynoldstown"
"LARCENY-NON VEHICLE","06/08/2015","Lenox"
"ROBBERY-PEDESTRIAN","01/13/2014","West End"
"LARCENY-FROM VEHICLE","07/07/2012","Poncey-Highland"
"BURGLARY-RESIDENCE","05/19/2012","Peoplestown"
"LARCENY-FROM VEHICLE","06/19/2015","East Atlanta"
"AGG ASSAULT","03/23/2014","West End"
"ROBBERY-PEDESTRIAN","05/08/2016","Old Fourth Ward"
"ROBBERY-PEDESTRIAN","09/02/2014","Atlanta University Center"
"LARCENY-FROM VEHICLE","12/18/2009","Old Fourth Ward"
"LARCENY-FROM VEHICLE","06/10/2012","Midtown"
"BURGLARY-RESIDENCE","09/28/2015","Greenbriar"
"LARCENY-FROM VEHICLE","03/30/2016","Downtown"
"LARCENY-NON VEHICLE","09/21/2011","South Tuxedo Park"
"AUTO THEFT","05/10/2011","Downtown"
"BURGLARY-RESIDENCE","07/07/2013","Perkerson"
"AUTO THEFT","07/07/2014","South River Gardens"
"AGG ASSAULT","04/06/2011","Hammond Park"
"AUTO THEFT","11/11/2012","Dixie Hills"
"LARCENY-FROM VEHICLE","08/31/2009","Fort Valley"
"LARCENY-NON VEHICLE","02/29/2012","West End"
"LARCENY-NON VEHICLE","03/10/2014","Vine City"
"LARCENY-FROM VEHICLE","11/16/2010","Westview"
"BURGLARY-RESIDENCE","12/09/2010","Morningside/Lenox Park"
"LARCENY-NON VEHICLE","05/30/2009","Dixie Hills"
"AGG ASSAULT","06/24/2016","Meadowbrook Forest"
"LARCENY-FROM VEHICLE","03/12/2015","Ardmore"
"LARCENY-FROM VEHICLE","10/31/2012","Ansley Park"
"AUTO THEFT","03/10/2010","East Atlanta"
"AUTO THEFT","05/06/2014","Carey Park"
"BURGLARY-RESIDENCE","09/27/2016","South River Gardens"
"BURGLARY-RESIDENCE","11/23/2012","Kirkwood"
"BURGLARY-RESIDENCE","06/14/2011","West End"
"LARCENY-FROM VEHICLE","11/18/2009","Baker Hills"
"LARCENY-FROM VEHICLE","12/13/2011","Lindridge/Martin Manor"
"ROBBERY-PEDESTRIAN","08/31/2014","West End"
"AUTO THEFT","03/09/2012","Lakewood Heights"
"AGG ASSAULT","08/22/2014","Midtown"
"ROBBERY-PEDESTRIAN","05/20/2015","Grove Park"
"LARCENY-FROM VEHICLE","02/09/2011","Bolton"
"LARCENY-NON VEHICLE","03/19/2015","Downtown"
"LARCENY-FROM VEHICLE","08/24/2010","Cabbagetown"
"BURGLARY-RESIDENCE","01/05/2011","Midtown"
"LARCENY-NON VEHICLE","09/27/2014","Lakewood Heights"
"AUTO THEFT","07/06/2015","Virginia Highland"
"LARCENY-NON VEHICLE","07/26/2016","Poncey-Highland"
"LARCENY-FROM VEHICLE","11/20/2010","Greenbriar"
"LARCENY-NON VEHICLE","03/16/2015","Hammond Park"
"LARCENY-FROM VEHICLE","08/26/2014",""
"LARCENY-NON VEHICLE","12/14/2015",""
"LARCENY-NON VEHICLE","12/17/2015","West End"
"AUTO THEFT","07/25/2009","Sylvan Hills"
"LARCENY-NON VEHICLE","07/13/2015","Edgewood"
"BURGLARY-RESIDENCE","07/22/2015","Ashley Courts"
"LARCENY-NON VEHICLE","11/20/2010","North Buckhead"
"HOMICIDE","01/27/2009","Carroll Heights"
"LARCENY-NON VEHICLE","11/05/2014","Lindridge/Martin Manor"
"BURGLARY-RESIDENCE","01/22/2010","Wisteria Gardens"
"BURGLARY-NONRES","10/04/2010","Lakewood Heights"
"BURGLARY-NONRES","01/10/2011",""
"LARCENY-FROM VEHICLE","04/14/2016","Home Park"
"BURGLARY-NONRES","07/20/2015","Wildwood (NPU-C)"
"LARCENY-FROM VEHICLE","09/06/2011","Garden Hills"
"LARCENY-NON VEHICLE","08/01/2011","Norwood Manor"
"BURGLARY-RESIDENCE","10/13/2013","Edgewood"
"BURGLARY-RESIDENCE","08/14/2011","Mechanicsville"
"LARCENY-FROM VEHICLE","09/02/2012","Carey Park"
"AUTO THEFT","10/17/2012","Old Fourth Ward"
"LARCENY-FROM VEHICLE","07/02/2015","Summerhill"
"BURGLARY-RESIDENCE","01/14/2010","Peoplestown"
"AUTO THEFT","02/27/2011","Mechanicsville"
"BURGLARY-RESIDENCE","07/27/2009","Midtown"
"LARCENY-NON VEHICLE","04/23/2014","Ormewood Park"
"BURGLARY-RESIDENCE","01/25/2014","East Atlanta"
"ROBBERY-PEDESTRIAN","10/04/2016","Adamsville"
"LARCENY-NON VEHICLE","01/08/2011","Berkeley Park"
"BURGLARY-RESIDENCE","03/07/2014","Princeton Lakes"
"LARCENY-FROM VEHICLE","11/04/2015","Midtown"
"BURGLARY-RESIDENCE","12/28/2011","Thomasville Heights"
"AGG ASSAULT","01/17/2011","Midtown"
"AUTO THEFT","06/10/2011","Lindbergh/Morosgo"
"BURGLARY-RESIDENCE","04/09/2012","Tuxedo Park"
"LARCENY-FROM VEHICLE","04/21/2010","Midtown"
"AUTO THEFT","07/24/2015","Virginia Highland"
"LARCENY-FROM VEHICLE","08/03/2014","Lindridge/Martin Manor"
"AUTO THEFT","05/01/2010","Sylvan Hills"
"BURGLARY-NONRES","05/03/2016","Lakewood"
"LARCENY-NON VEHICLE","09/11/2009","Oakland City"
"AUTO THEFT","05/01/2016","Reynoldstown"
"AUTO THEFT","06/29/2012","Edgewood"
"AGG ASSAULT","09/06/2015","Washington Park"
"AGG ASSAULT","10/01/2012","Downtown"
"LARCENY-FROM VEHICLE","05/15/2012","Wesley Battle"
"LARCENY-NON VEHICLE","11/12/2011","Midtown"
"AUTO THEFT","08/08/2012","Bankhead"
"LARCENY-FROM VEHICLE","08/11/2016","Knight Park/Howell Station"
"ROBBERY-COMMERCIAL","12/16/2010","Vine City"
"AUTO THEFT","11/19/2016","Blandtown"
"LARCENY-FROM VEHICLE","11/09/2010","Center Hill"
"ROBBERY-PEDESTRIAN","06/10/2014","Hunter Hills"
"BURGLARY-RESIDENCE","03/14/2009","Rosedale Heights"
"BURGLARY-RESIDENCE","11/01/2014",""
"AUTO THEFT","07/11/2013","West End"
"LARCENY-NON VEHICLE","05/18/2009","Peoplestown"
"AUTO THEFT","04/26/2010","Downtown"
"LARCENY-NON VEHICLE","12/05/2012","Hammond Park"
"AUTO THEFT","09/05/2013","Candler Park"
"BURGLARY-RESIDENCE","09/30/2016","Westminster/Milmar"
"LARCENY-FROM VEHICLE","08/20/2012","South Tuxedo Park"
"BURGLARY-RESIDENCE","10/12/2009","Pine Hills"
"AGG ASSAULT","11/07/2010","Campbellton Road"
"LARCENY-FROM VEHICLE","09/04/2014","Adamsville"
"BURGLARY-RESIDENCE","03/27/2016","West End"
"BURGLARY-RESIDENCE","11/03/2011","Old Gordon"
"BURGLARY-RESIDENCE","05/13/2009","Collier Heights"
"LARCENY-NON VEHICLE","11/13/2010","West End"
"AGG ASSAULT","02/26/2009","Downtown"
"BURGLARY-RESIDENCE","05/25/2011","Lindridge/Martin Manor"
"LARCENY-NON VEHICLE","08/31/2014","Downtown"
"AUTO THEFT","06/21/2011","Ormewood Park"
"AUTO THEFT","05/18/2010","Old Fourth Ward"
"AGG ASSAULT","09/06/2016","Adamsville"
"LARCENY-FROM VEHICLE","03/25/2010","Kings Forest"
"ROBBERY-PEDESTRIAN","07/27/2010","Lakewood Heights"
"LARCENY-FROM VEHICLE","10/25/2009","Downtown"
"LARCENY-NON VEHICLE","12/19/2011","Lakewood Heights"
"ROBBERY-COMMERCIAL","07/18/2014","Lenox"
"LARCENY-FROM VEHICLE","03/16/2009","Edgewood"
"LARCENY-NON VEHICLE","01/27/2011","Poncey-Highland"
"AUTO THEFT","11/14/2010","Rosedale Heights"
"AGG ASSAULT","12/11/2014","Collier Heights"
"BURGLARY-RESIDENCE","08/02/2009","Pittsburgh"
"LARCENY-NON VEHICLE","06/09/2015","Vine City"
"LARCENY-FROM VEHICLE","08/17/2015","Midtown"
"BURGLARY-RESIDENCE","05/07/2010","Riverside"
"LARCENY-NON VEHICLE","06/11/2012","Greenbriar"
"BURGLARY-RESIDENCE","02/03/2010","Pittsburgh"
"AUTO THEFT","07/22/2009","Collier Heights"
"AUTO THEFT","08/21/2016","Cascade Avenue/Road"
"LARCENY-FROM VEHICLE","10/11/2011","Lakewood Heights"
"LARCENY-FROM VEHICLE","10/08/2015","Virginia Highland"
"ROBBERY-PEDESTRIAN","08/26/2009","Grove Park"
"LARCENY-FROM VEHICLE","12/17/2009","Downtown"
"LARCENY-NON VEHICLE","02/03/2011","Midtown"
"AUTO THEFT","12/01/2012","Campbellton Road"
"LARCENY-NON VEHICLE","02/12/2016","Downtown"
"LARCENY-NON VEHICLE","06/01/2011","Oakland City"
"ROBBERY-PEDESTRIAN","11/30/2016","Dixie Hills"
"ROBBERY-RESIDENCE","07/04/2012","Cabbagetown"
"BURGLARY-RESIDENCE","03/23/2010","West Lake"
"AUTO THEFT","05/20/2015","Lakewood Heights"
"BURGLARY-RESIDENCE","01/02/2013","Mozley Park"
"BURGLARY-NONRES","07/23/2016","Southwest"
"LARCENY-NON VEHICLE","07/15/2014","Ormewood Park"
"LARCENY-FROM VEHICLE","06/11/2012","North Buckhead"
"ROBBERY-PEDESTRIAN","01/03/2010","Westview"
"LARCENY-NON VEHICLE","01/10/2013","Grove Park"
"LARCENY-FROM VEHICLE","07/17/2014","Downtown"
"LARCENY-NON VEHICLE","07/29/2012","Downtown"
"LARCENY-FROM VEHICLE","05/15/2015","Old Fourth Ward"
"BURGLARY-RESIDENCE","12/14/2011","South River Gardens"
"ROBBERY-PEDESTRIAN","11/24/2014","Custer/McDonough/Guice"
"AUTO THEFT","04/07/2014","Fairburn Mays"
"LARCENY-NON VEHICLE","02/12/2011","Midtown"
"LARCENY-NON VEHICLE","01/13/2015","Venetian Hills"
"BURGLARY-RESIDENCE","03/31/2012","Glenrose Heights"
"AGG ASSAULT","04/12/2012","Thomasville Heights"
"LARCENY-NON VEHICLE","07/10/2014","Glenrose Heights"
"LARCENY-FROM VEHICLE","10/12/2014","Buckhead Village"
"LARCENY-FROM VEHICLE","10/24/2011","Midtown"
"ROBBERY-PEDESTRIAN","10/24/2013","Grant Park"
"LARCENY-NON VEHICLE","06/10/2015","Downtown"
"BURGLARY-RESIDENCE","02/10/2016","Thomasville Heights"
"LARCENY-NON VEHICLE","06/23/2010","West End"
"AUTO THEFT","08/05/2015","Almond Park"
"AGG ASSAULT","06/20/2013","Downtown"
"BURGLARY-RESIDENCE","01/29/2015","Glenrose Heights"
"LARCENY-NON VEHICLE","03/15/2016","Brookwood Hills"
"LARCENY-NON VEHICLE","10/31/2014","Edgewood"
"AUTO THEFT","06/24/2009","Midtown"
"LARCENY-FROM VEHICLE","04/03/2014","Downtown"
"ROBBERY-PEDESTRIAN","12/27/2009","Oakland City"
"LARCENY-FROM VEHICLE","07/10/2009","Midtown"
"LARCENY-NON VEHICLE","01/26/2016","Berkeley Park"
"AUTO THEFT","08/13/2013","Garden Hills"
"BURGLARY-RESIDENCE","11/12/2011","Lincoln Homes"
"AUTO THEFT","01/02/2015","Old Fourth Ward"
"BURGLARY-RESIDENCE","02/08/2013",""
"BURGLARY-RESIDENCE","10/20/2016","Adair Park"
"AGG ASSAULT","12/30/2016","Scotts Crossing"
"LARCENY-FROM VEHICLE","12/10/2013",""
"LARCENY-FROM VEHICLE","07/03/2015","Underwood Hills"
"BURGLARY-RESIDENCE","09/21/2014","West End"
"AGG ASSAULT","02/21/2011","Dixie Hills"
"AUTO THEFT","12/12/2013","Summerhill"
"LARCENY-FROM VEHICLE","08/31/2013","East Atlanta"
"LARCENY-NON VEHICLE","01/17/2010","Atlantic Station"
"LARCENY-NON VEHICLE","06/29/2012","Ben Hill"
"LARCENY-FROM VEHICLE","08/17/2013","Atkins Park"
"LARCENY-NON VEHICLE","05/26/2013","Buckhead Forest"
"BURGLARY-RESIDENCE","04/02/2010","Almond Park"
"LARCENY-NON VEHICLE","06/05/2015","Inman Park"
"LARCENY-NON VEHICLE","08/10/2016","Downtown"
"AUTO THEFT","12/01/2016","Westview"
"BURGLARY-RESIDENCE","08/19/2013","Lindbergh/Morosgo"
"LARCENY-FROM VEHICLE","01/17/2015","North Buckhead"
"LARCENY-NON VEHICLE","01/02/2011","Inman Park"
"BURGLARY-NONRES","01/27/2013","Atlantic Station"
"LARCENY-FROM VEHICLE","10/19/2015","Harland Terrace"
"LARCENY-FROM VEHICLE","09/06/2013","Princeton Lakes"
"LARCENY-FROM VEHICLE","06/21/2015","Grove Park"
"LARCENY-NON VEHICLE","04/08/2013","Center Hill"
"BURGLARY-RESIDENCE","05/26/2015","Downtown"
"LARCENY-FROM VEHICLE","06/13/2009","Midtown"
"BURGLARY-RESIDENCE","02/22/2015","Old Fourth Ward"
"BURGLARY-RESIDENCE","07/22/2009","Collier Heights"
"ROBBERY-PEDESTRIAN","08/06/2014","Leila Valley"
"BURGLARY-RESIDENCE","05/17/2014","Glenrose Heights"
"LARCENY-NON VEHICLE","05/31/2016","Midtown"
"LARCENY-FROM VEHICLE","05/23/2016","Lindbergh/Morosgo"
"ROBBERY-RESIDENCE","11/04/2009","Pittsburgh"
"LARCENY-NON VEHICLE","01/30/2009","Edgewood"
"AGG ASSAULT","07/09/2016",""
"AUTO THEFT","07/27/2010","Glenrose Heights"
"BURGLARY-RESIDENCE","12/31/2011",""
"ROBBERY-PEDESTRIAN","09/27/2011","West End"
"LARCENY-NON VEHICLE","03/15/2012","Midtown"
"AGG ASSAULT","09/13/2013","Thomasville Heights"
"BURGLARY-RESIDENCE","06/18/2015","Ivan Hill"
"LARCENY-FROM VEHICLE","03/14/2015","Candler Park"
"LARCENY-FROM VEHICLE","12/26/2009","Downtown"
"LARCENY-NON VEHICLE","05/15/2012","Downtown"
"AUTO THEFT","07/22/2009","Harris Chiles"
"BURGLARY-RESIDENCE","06/11/2013","Atlantic Station"
"LARCENY-FROM VEHICLE","04/08/2010","Downtown"
"LARCENY-FROM VEHICLE","06/03/2009","Center Hill"
"ROBBERY-PEDESTRIAN","03/13/2014","Southwest"
"ROBBERY-RESIDENCE","05/16/2015","Southwest"
"LARCENY-NON VEHICLE","03/15/2013","Wilson Mill Meadows"
"AGG ASSAULT","10/27/2013","North Buckhead"
"LARCENY-FROM VEHICLE","08/08/2015","Underwood Hills"
"AGG ASSAULT","12/14/2013","Glenrose Heights"
"LARCENY-FROM VEHICLE","06/10/2015","Grant Park"
"BURGLARY-RESIDENCE","10/14/2013","Kings Forest"
"LARCENY-FROM VEHICLE","03/18/2016","Morningside/Lenox Park"
"LARCENY-NON VEHICLE","04/26/2010","Downtown"
"AUTO THEFT","07/30/2011",""
"LARCENY-NON VEHICLE","02/27/2011","Downtown"
"RAPE","06/28/2014","West Paces Ferry/Northside"
"LARCENY-FROM VEHICLE","11/26/2015","Downtown"
"BURGLARY-RESIDENCE","06/30/2011","Greenbriar"
"ROBBERY-PEDESTRIAN","07/21/2010","Ormewood Park"
"LARCENY-NON VEHICLE","02/24/2014","Campbellton Road"
"AUTO THEFT","08/02/2011","Grant Park"
"LARCENY-FROM VEHICLE","08/24/2011","Berkeley Park"
"AUTO THEFT","03/02/2010","Peachtree Hills"
"LARCENY-FROM VEHICLE","12/09/2009",""
"LARCENY-NON VEHICLE","11/24/2013","South River Gardens"
"AUTO THEFT","09/29/2014","Castleberry Hill"
"BURGLARY-RESIDENCE","04/07/2010","Browns Mill Park"
"ROBBERY-PEDESTRIAN","07/07/2009","Harland Terrace"
"LARCENY-FROM VEHICLE","07/19/2010","Midtown"
"LARCENY-NON VEHICLE","06/24/2010","Oakland City"
"BURGLARY-RESIDENCE","12/11/2013","English Avenue"
"LARCENY-NON VEHICLE","02/22/2014","Lenox"
"BURGLARY-RESIDENCE","04/22/2010","West Highlands"
"BURGLARY-RESIDENCE","09/04/2011","Washington Park"
"LARCENY-FROM VEHICLE","08/29/2011","Venetian Hills"
"LARCENY-NON VEHICLE","05/09/2011","Lakewood"
"ROBBERY-PEDESTRIAN","01/18/2009","Downtown"
"BURGLARY-RESIDENCE","12/05/2010","Dixie Hills"
"LARCENY-FROM VEHICLE","06/02/2010","South Tuxedo Park"
"BURGLARY-RESIDENCE","09/22/2012","The Villages at Carver"
"BURGLARY-RESIDENCE","08/19/2009","Fairburn"
"LARCENY-FROM VEHICLE","10/02/2010","Old Fourth Ward"
"LARCENY-NON VEHICLE","11/10/2012","West End"
"AUTO THEFT","06/01/2011","Grove Park"
"AUTO THEFT","09/07/2010","Downtown"
"AUTO THEFT","05/31/2011","Poncey-Highland"
"LARCENY-FROM VEHICLE","06/23/2011","Hunter Hills"
"BURGLARY-RESIDENCE","03/17/2016","Adamsville"
"LARCENY-NON VEHICLE","10/24/2010","Berkeley Park"
"ROBBERY-PEDESTRIAN","06/28/2014","Browns Mill Park"
"ROBBERY-RESIDENCE","06/06/2014","Chosewood Park"
"BURGLARY-RESIDENCE","06/11/2010","Perkerson"
"LARCENY-FROM VEHICLE","02/08/2014",""
"ROBBERY-PEDESTRIAN","04/12/2010","Oakland City"
"AUTO THEFT","04/15/2011","Lincoln Homes"
"LARCENY-NON VEHICLE","12/04/2011","Downtown"
"AUTO THEFT","11/14/2009","Midtown"
"BURGLARY-RESIDENCE","09/04/2013","Margaret Mitchell"
"LARCENY-FROM VEHICLE","08/03/2016","Downtown"
"AUTO THEFT","09/04/2013","Carey Park"
"LARCENY-NON VEHICLE","10/19/2009","Polar Rock"
"ROBBERY-PEDESTRIAN","02/23/2013","Georgia Tech"
"LARCENY-NON VEHICLE","09/15/2011","Center Hill"
"LARCENY-NON VEHICLE","11/23/2013","Adamsville"
"AGG ASSAULT","06/04/2014","Mechanicsville"
"LARCENY-NON VEHICLE","04/19/2016","Berkeley Park"
"AUTO THEFT","12/01/2015","Southwest"
"LARCENY-FROM VEHICLE","09/01/2012","Collier Heights"
"BURGLARY-RESIDENCE","12/13/2011","West Lake"
"AUTO THEFT","05/27/2012","Edgewood"
"AUTO THEFT","11/30/2010",""
"ROBBERY-RESIDENCE","11/08/2014","Southwest"
"AGG ASSAULT","05/16/2011","Piedmont Heights"
"LARCENY-FROM VEHICLE","05/19/2012","Midtown"
"BURGLARY-RESIDENCE","02/16/2011","Summerhill"
"LARCENY-NON VEHICLE","12/23/2014",""
"LARCENY-FROM VEHICLE","10/29/2010","Summerhill"
"AUTO THEFT","10/11/2009","Fort Valley"
"BURGLARY-RESIDENCE","07/27/2009","Kirkwood"
"LARCENY-FROM VEHICLE","05/20/2014","Mechanicsville"
"LARCENY-NON VEHICLE","09/01/2013","Edgewood"
"RAPE","08/16/2016","Midtown"
"LARCENY-FROM VEHICLE","03/29/2010","Old Fourth Ward"
"BURGLARY-RESIDENCE","04/20/2011","Loring Heights"
"LARCENY-FROM VEHICLE","11/04/2014","Virginia Highland"
"LARCENY-NON VEHICLE","04/14/2011","Buckhead Village"
"LARCENY-NON VEHICLE","11/04/2010","Scotts Crossing"
"LARCENY-NON VEHICLE","06/01/2016","Wilson Mill Meadows"
"BURGLARY-NONRES","09/10/2012","Adamsville"
"LARCENY-NON VEHICLE","06/22/2012","Bankhead"
"AGG ASSAULT","03/02/2010","Thomasville Heights"
"BURGLARY-RESIDENCE","12/26/2014","Adamsville"
"BURGLARY-NONRES","02/05/2013","Loring Heights"
"LARCENY-NON VEHICLE","10/20/2009","Berkeley Park"
"LARCENY-NON VEHICLE","04/21/2010","Downtown"
"BURGLARY-NONRES","09/07/2009","Marietta Street Artery"
"BURGLARY-RESIDENCE","08/17/2010",""
"BURGLARY-NONRES","10/23/2010","Lakewood"
"LARCENY-NON VEHICLE","02/21/2011","Morningside/Lenox Park"
"LARCENY-FROM VEHICLE","10/17/2009","Lenox"
"AUTO THEFT","01/17/2011","Downtown"
"BURGLARY-RESIDENCE","03/18/2010","Westview"
"LARCENY-FROM VEHICLE","01/23/2010","Berkeley Park"
"LARCENY-NON VEHICLE","05/23/2013","Grove Park"
"LARCENY-FROM VEHICLE","06/22/2013","Downtown"
"LARCENY-FROM VEHICLE","07/30/2009","Mt. Paran/Northside"
"LARCENY-FROM VEHICLE","07/22/2009","Fairburn Mays"
"AGG ASSAULT","12/28/2015","Custer/McDonough/Guice"
"LARCENY-FROM VEHICLE","10/31/2012","Garden Hills"
"LARCENY-NON VEHICLE","02/28/2011","Atlantic Station"
"LARCENY-FROM VEHICLE","08/30/2015","Morningside/Lenox Park"
"LARCENY-NON VEHICLE","04/01/2015","West End"
"LARCENY-FROM VEHICLE","11/11/2016","Home Park"
"LARCENY-NON VEHICLE","09/24/2013","Grove Park"
"LARCENY-NON VEHICLE","03/29/2012","Almond Park"
"LARCENY-FROM VEHICLE","08/08/2016","Ardmore"
"LARCENY-NON VEHICLE","04/07/2015","North Buckhead"
"AUTO THEFT","06/02/2014","Capitol View"
"LARCENY-FROM VEHICLE","07/15/2015","Poncey-Highland"
"AGG ASSAULT","04/06/2012","Downtown"
"LARCENY-FROM VEHICLE","10/02/2013","Oakland"
"BURGLARY-NONRES","12/26/2012","Inman Park"
"BURGLARY-RESIDENCE","07/19/2015","Oakland City"
"LARCENY-NON VEHICLE","08/06/2012","Mozley Park"
"AUTO THEFT","02/18/2015","West End"
"AGG ASSAULT","11/09/2012","Sandlewood Estates"
"LARCENY-FROM VEHICLE","05/16/2012","Buckhead Forest"
"AUTO THEFT","12/14/2015","East Chastain Park"
"AGG ASSAULT","12/12/2012","Sylvan Hills"
"LARCENY-NON VEHICLE","08/15/2014","Vine City"
"LARCENY-NON VEHICLE","10/09/2011","Greenbriar"
"LARCENY-FROM VEHICLE","05/24/2015","Home Park"
"LARCENY-FROM VEHICLE","09/28/2012","Peoplestown"
"LARCENY-FROM VEHICLE","02/25/2013","Peachtree Hills"
"LARCENY-NON VEHICLE","07/16/2010","North Buckhead"
"AUTO THEFT","05/17/2013","North Buckhead"
"LARCENY-NON VEHICLE","05/26/2011","Morningside/Lenox Park"
"BURGLARY-RESIDENCE","06/20/2014","Joyland"
"ROBBERY-PEDESTRIAN","11/27/2011","Venetian Hills"
"LARCENY-NON VEHICLE","12/16/2010","Lenox"
"BURGLARY-RESIDENCE","05/07/2014","West Manor"
"LARCENY-NON VEHICLE","10/15/2012","Vine City"
"LARCENY-FROM VEHICLE","01/23/2010","Pittsburgh"
"LARCENY-FROM VEHICLE","11/17/2009","Buckhead Forest"
"LARCENY-FROM VEHICLE","04/06/2015","Adamsville"
"BURGLARY-RESIDENCE","05/02/2013","Adamsville"
"AGG ASSAULT","02/25/2009","Bankhead"
"LARCENY-FROM VEHICLE","12/31/2016","Peachtree Park"
"LARCENY-FROM VEHICLE","07/05/2012","Lakewood Heights"
"AGG ASSAULT","03/13/2013","Downtown"
"AGG ASSAULT","10/06/2012","Ashview Heights"
"AGG ASSAULT","01/11/2009","Southwest"
"BURGLARY-RESIDENCE","02/12/2013","Center Hill"
"LARCENY-NON VEHICLE","10/24/2012","Midtown"
"AGG ASSAULT","07/05/2014","Glenrose Heights"
"ROBBERY-PEDESTRIAN","09/06/2010","Harris Chiles"
"AGG ASSAULT","10/01/2012","Heritage Valley"
"BURGLARY-RESIDENCE","09/23/2014","Peoplestown"
"LARCENY-NON VEHICLE","01/08/2017","Brookwood"
"LARCENY-NON VEHICLE","09/12/2013","Mechanicsville"
"LARCENY-FROM VEHICLE","07/04/2009","East Atlanta"
"LARCENY-NON VEHICLE","11/25/2012","Collier Heights"
"LARCENY-NON VEHICLE","09/26/2014","Peoplestown"
"AGG ASSAULT","12/25/2015","West End"
"LARCENY-FROM VEHICLE","08/19/2012","Old Fourth Ward"
"BURGLARY-RESIDENCE","09/25/2011","Collier Heights"
"LARCENY-NON VEHICLE","08/09/2012","Downtown"
"LARCENY-NON VEHICLE","12/06/2014","Buckhead Village"
"AUTO THEFT","04/07/2014","Garden Hills"
"LARCENY-FROM VEHICLE","12/29/2010",""
"LARCENY-NON VEHICLE","05/27/2015","Vine City"
"LARCENY-NON VEHICLE","08/05/2011","Collier Heights"
"BURGLARY-NONRES","04/08/2013","Loring Heights"
"LARCENY-FROM VEHICLE","11/13/2011","Adair Park"
"ROBBERY-PEDESTRIAN","09/26/2010","Candler Park"
"LARCENY-NON VEHICLE","10/12/2009","Poncey-Highland"
"LARCENY-NON VEHICLE","02/04/2010","Downtown"
"LARCENY-NON VEHICLE","10/14/2011","Lenox"
"LARCENY-NON VEHICLE","10/11/2015","Oakland"
"LARCENY-NON VEHICLE","12/01/2011",""
"LARCENY-NON VEHICLE","07/31/2012","Poncey-Highland"
"LARCENY-FROM VEHICLE","07/16/2013","Lenox"
"AUTO THEFT","07/27/2014","Sweet Auburn"
"LARCENY-FROM VEHICLE","06/07/2012","English Avenue"
"AGG ASSAULT","01/01/2009","Mechanicsville"
"LARCENY-FROM VEHICLE","11/15/2009","East Atlanta"
"BURGLARY-RESIDENCE","01/27/2014","Browns Mill Park"
"LARCENY-FROM VEHICLE","02/26/2011","Campbellton Road"
"BURGLARY-RESIDENCE","03/05/2014","Harland Terrace"
"ROBBERY-RESIDENCE","04/29/2014","Joyland"
"LARCENY-NON VEHICLE","09/04/2010","Greenbriar"
"LARCENY-FROM VEHICLE","08/06/2011",""
"LARCENY-FROM VEHICLE","11/30/2014","Brookview Heights"
"LARCENY-FROM VEHICLE","01/10/2017","Mechanicsville"
"LARCENY-NON VEHICLE","06/08/2010","Edgewood"
"LARCENY-FROM VEHICLE","10/17/2009","Downtown"
"AGG ASSAULT","10/17/2009","Custer/McDonough/Guice"
"BURGLARY-RESIDENCE","05/15/2016","Peoplestown"
"LARCENY-NON VEHICLE","04/09/2013",""
"ROBBERY-PEDESTRIAN","12/27/2009","Edgewood"
"AUTO THEFT","01/19/2013","Venetian Hills"
"AUTO THEFT","06/28/2013","Edgewood"
"AUTO THEFT","05/18/2016","Lakewood"
"AUTO THEFT","04/21/2016","Mechanicsville"
"LARCENY-FROM VEHICLE","03/31/2016","Chastain Park"
"LARCENY-NON VEHICLE","10/18/2015","Midtown"
"BURGLARY-RESIDENCE","01/05/2017","Riverside"
"LARCENY-FROM VEHICLE","11/20/2016","South Tuxedo Park"
"AUTO THEFT","12/11/2014","Campbellton Road"
"BURGLARY-RESIDENCE","02/10/2009","Edgewood"
"BURGLARY-RESIDENCE","01/01/2011","Southwest"
"AUTO THEFT","05/12/2012","Downtown"
"BURGLARY-RESIDENCE","07/12/2010","Florida Heights"
"AUTO THEFT","11/16/2016","Lindbergh/Morosgo"
"AGG ASSAULT","12/05/2009","Midtown"
"AGG ASSAULT","02/10/2009","Southwest"
"BURGLARY-NONRES","07/27/2010","Mays"
"AUTO THEFT","08/15/2012","Kirkwood"
"BURGLARY-NONRES","06/10/2012","Oakland City"
"LARCENY-NON VEHICLE","06/19/2011","Wildwood (NPU-H)"
"BURGLARY-RESIDENCE","11/20/2009","Atlantic Station"
"BURGLARY-RESIDENCE","12/12/2016","Adamsville"
"LARCENY-NON VEHICLE","05/29/2009","North Buckhead"
"AUTO THEFT","07/23/2011","Downtown"
"LARCENY-FROM VEHICLE","12/04/2014","Downtown"
"LARCENY-NON VEHICLE","06/22/2009","Vine City"
"BURGLARY-RESIDENCE","02/15/2012","Capitol View"
"BURGLARY-RESIDENCE","12/11/2012","Midtown"
"AUTO THEFT","02/13/2013","Princeton Lakes"
"LARCENY-FROM VEHICLE","07/24/2016","Midtown"
"LARCENY-NON VEHICLE","10/29/2011","Adair Park"
"LARCENY-FROM VEHICLE","02/06/2017","South Atlanta"
"AUTO THEFT","03/30/2014","Wildwood (NPU-C)"
"LARCENY-FROM VEHICLE","12/24/2014","Cross Creek"
"LARCENY-FROM VEHICLE","02/16/2015","Downtown"
"AGG ASSAULT","08/22/2009","Adams Park"
"LARCENY-FROM VEHICLE","05/28/2015","Rockdale"
"BURGLARY-RESIDENCE","05/03/2013","Chosewood Park"
"LARCENY-FROM VEHICLE","05/21/2010","Downtown"
"LARCENY-FROM VEHICLE","08/31/2010","Midtown"
"BURGLARY-RESIDENCE","03/28/2016","Sweet Auburn"
"LARCENY-FROM VEHICLE","11/21/2013","Chastain Park"
"AGG ASSAULT","01/11/2011",""
"LARCENY-FROM VEHICLE","09/20/2012","Ansley Park"
"AGG ASSAULT","07/28/2011","Carey Park"
"LARCENY-NON VEHICLE","05/15/2012","Virginia Highland"
"LARCENY-FROM VEHICLE","05/10/2011","Home Park"
"ROBBERY-COMMERCIAL","11/22/2014","West End"
"LARCENY-FROM VEHICLE","12/08/2013","Downtown"
"LARCENY-NON VEHICLE","03/17/2014","Edgewood"
"ROBBERY-RESIDENCE","12/21/2009","Benteen Park"
"LARCENY-FROM VEHICLE","01/31/2013","East Lake"
"BURGLARY-RESIDENCE","06/10/2009","Springlake"
"BURGLARY-RESIDENCE","05/24/2011","Lakewood Heights"
"LARCENY-NON VEHICLE","02/15/2017","Atlantic Station"
"LARCENY-FROM VEHICLE","08/13/2013","Ben Hill"
"BURGLARY-RESIDENCE","07/28/2011","Southwest"
"LARCENY-NON VEHICLE","08/05/2013","Downtown"
"BURGLARY-RESIDENCE","09/11/2012","Swallow Circle/Baywood"
"LARCENY-FROM VEHICLE","10/11/2012",""
"BURGLARY-NONRES","09/14/2016","Midtown"
"BURGLARY-RESIDENCE","05/09/2012","South Atlanta"
"BURGLARY-NONRES","10/02/2015","Lenox"
"ROBBERY-PEDESTRIAN","03/27/2014","Campbellton Road"
"LARCENY-FROM VEHICLE","10/24/2012",""
"LARCENY-FROM VEHICLE","04/12/2016","North Buckhead"
"AUTO THEFT","10/26/2009","Harland Terrace"
"ROBBERY-PEDESTRIAN","10/20/2016",""
"BURGLARY-RESIDENCE","06/27/2012","Edgewood"
"BURGLARY-RESIDENCE","03/19/2011","Southwest"
"ROBBERY-PEDESTRIAN","02/14/2011","English Avenue"
"LARCENY-FROM VEHICLE","07/09/2011",""
"LARCENY-FROM VEHICLE","01/27/2011","West Lake"
"LARCENY-FROM VEHICLE","08/04/2012","Lenox"
"AUTO THEFT","10/10/2014","Collier Heights"
"LARCENY-FROM VEHICLE","09/25/2016","Old Fourth Ward"
"LARCENY-NON VEHICLE","10/30/2009","Glenrose Heights"
"LARCENY-FROM VEHICLE","06/22/2011","Mechanicsville"
"LARCENY-FROM VEHICLE","04/27/2009","Lake Claire"
"ROBBERY-PEDESTRIAN","06/08/2016","Downtown"
"LARCENY-FROM VEHICLE","04/17/2015","West End"
"LARCENY-NON VEHICLE","11/21/2011","Inman Park"
"ROBBERY-PEDESTRIAN","08/23/2015","Penelope Neighbors"
"AGG ASSAULT","11/07/2009",""
"LARCENY-NON VEHICLE","04/17/2010","West End"
"ROBBERY-PEDESTRIAN","10/05/2015","Center Hill"
"BURGLARY-RESIDENCE","06/09/2011","Capitol View Manor"
"LARCENY-NON VEHICLE","06/23/2009","Harris Chiles"
"LARCENY-NON VEHICLE","08/15/2016","Edgewood"
"AGG ASSAULT","04/05/2016","Summerhill"
"BURGLARY-RESIDENCE","12/02/2014","Glenrose Heights"
"AUTO THEFT","01/04/2015","Hammond Park"
"LARCENY-NON VEHICLE","10/03/2013","Midtown"
"AGG ASSAULT","12/29/2011","Pittsburgh"
"BURGLARY-RESIDENCE","07/07/2009","East Atlanta"
"LARCENY-FROM VEHICLE","06/08/2014","Virginia Highland"
"LARCENY-NON VEHICLE","01/30/2012","Lakewood Heights"
"BURGLARY-RESIDENCE","01/19/2010","Lindridge/Martin Manor"
"LARCENY-FROM VEHICLE","11/30/2012","Downtown"
"LARCENY-FROM VEHICLE","08/19/2009","Grant Park"
"LARCENY-FROM VEHICLE","04/06/2016","Woodland Hills"
"ROBBERY-PEDESTRIAN","09/07/2015","Benteen Park"
"AUTO THEFT","01/29/2013","Morningside/Lenox Park"
"LARCENY-NON VEHICLE","11/19/2010","Ashley Courts"
"ROBBERY-PEDESTRIAN","01/18/2009","West Highlands"
"LARCENY-FROM VEHICLE","01/08/2017","Mechanicsville"
"LARCENY-NON VEHICLE","07/09/2010","The Villages at Carver"
"BURGLARY-RESIDENCE","12/01/2015","Lindbergh/Morosgo"
"LARCENY-FROM VEHICLE","06/16/2010","Peoplestown"
"LARCENY-FROM VEHICLE","09/25/2016",""
"LARCENY-NON VEHICLE","12/18/2015","Lindbergh/Morosgo"
"AUTO THEFT","01/23/2010","The Villages at Carver"
"AUTO THEFT","05/11/2012","Southwest"
"LARCENY-FROM VEHICLE","12/20/2016","Downtown"
"LARCENY-NON VEHICLE","12/06/2012","Berkeley Park"
"BURGLARY-NONRES","09/28/2012","Reynoldstown"
"AGG ASSAULT","06/19/2015","Pittsburgh"
"AUTO THEFT","07/08/2016","Lakewood Heights"
"LARCENY-FROM VEHICLE","03/23/2012","Midtown"
"LARCENY-FROM VEHICLE","10/21/2009","Downtown"
"LARCENY-FROM VEHICLE","05/31/2011","Midtown"
"AUTO THEFT","10/05/2012","Mechanicsville"
"BURGLARY-RESIDENCE","07/11/2013","Mt. Paran/Northside"
"LARCENY-FROM VEHICLE","09/19/2016","Old Fourth Ward"
"LARCENY-NON VEHICLE","11/16/2011","Peachtree Park"
"HOMICIDE","05/08/2011","Downtown"
"AGG ASSAULT","03/16/2016","Pittsburgh"
"BURGLARY-RESIDENCE","09/22/2012","Old Fourth Ward"
"AGG ASSAULT","05/22/2010","Vine City"
"ROBBERY-PEDESTRIAN","03/15/2014","Downtown"
"LARCENY-FROM VEHICLE","03/19/2014","Center Hill"
"LARCENY-NON VEHICLE","02/05/2010","Hammond Park"
"LARCENY-NON VEHICLE","06/01/2012","Garden Hills"
"LARCENY-FROM VEHICLE","07/10/2013","Westhaven"
"LARCENY-NON VEHICLE","10/09/2012","Lindbergh/Morosgo"
